1;HTML;https://upload.wikimedia.org/wikipedia/commons/thumb/6/61/HTML5_logo_and_wordmark.svg/768px-HTML5_logo_and_wordmark.svg.png;Logo html;
2;CSS;https://upload.wikimedia.org/wikipedia/commons/d/d5/CSS3_logo_and_wordmark.svg;Logo CSS;
3;JavaScript;https://upload.wikimedia.org/wikipedia/commons/d/d4/Javascript-shield.svg;Logo Javascript;
4;Java;https://upload.wikimedia.org/wikipedia/fr/2/2e/Java_Logo.svg;Logo Java;
5;PHP;https://upload.wikimedia.org/wikipedia/commons/2/27/PHP-logo.svg;Logo PHP;
6;Base de données;https://upload.wikimedia.org/wikipedia/commons/d/d7/Sql_data_base_with_logo.svg;Logo SQL;
7;Figma;https://upload.wikimedia.org/wikipedia/commons/3/33/Figma-logo.svg;Logo Figma;
8;Affinity Photo;https://upload.wikimedia.org/wikipedia/commons/f/f5/Affinity_Photo_V2_icon.svg;Logo Affinity Photo;
9;Affinity Designer;https://upload.wikimedia.org/wikipedia/commons/3/3c/Affinity_Designer_2-logo.svg;Logo Affinity Designer;
10;Affinity Publisher;https://upload.wikimedia.org/wikipedia/commons/thumb/1/13/Logo_AffinityPublisher.svg/240px-Logo_AffinityPublisher.svg.png;Logo Affinity Publisher;
11;Prise de vidéo;https://upload.wikimedia.org/wikipedia/commons/c/c3/Circle-icons-camera.svg;Image d'illustration de caméra;
12;Montage vidéo;https://upload.wikimedia.org/wikipedia/commons/9/90/DaVinci_Resolve_17_logo.svg;Logo Da Vinci Resolve;
13;Trello;https://www.vectorlogo.zone/logos/trello/trello-icon.svg;Logo Trello;
14;Padlet;https://upload.wikimedia.org/wikipedia/commons/0/05/Padlet.svg;Logo Padlet;
15;Canva;https://upload.wikimedia.org/wikipedia/fr/thumb/b/b8/Canva_logo.svg/80px-Canva_logo.svg.png?20250327044726;Logo Canva;
16;Flutter;https://upload.wikimedia.org/wikipedia/commons/thumb/7/79/Flutter_logo.svg/64px-Flutter_logo.svg.png;Logo Flutter;
17;Dart;https://upload.wikimedia.org/wikipedia/commons/thumb/9/91/Dart-logo-icon.svg/111px-Dart-logo-icon.svg.png?20220708094810;Logo Dart;
18;Android Studio;https://upload.wikimedia.org/wikipedia/commons/thumb/c/c1/Android_Studio_icon_%282023%29.svg/1024px-Android_Studio_icon_%282023%29.svg.png;Logo Android Studio;
19;Jira;https://upload.wikimedia.org/wikipedia/commons/thumb/8/8a/Jira_Logo.svg/120px-Jira_Logo.svg.png;Logo Jira;